model,seed,fold,fold_seed,best_epoch,epochs_completed,validation_wmae,duration_seconds,gpu_utilization_mean_percent,gpu_utilization_max_percent,peak_vram_allocated_mb,nvidia_smi_peak_memory_used_mb
own_gnn_v0,43,0,43,64,104,0.022509634668551944,115.45771687500383,37.857142857142854,42.0,128.98828125,2159.0
own_gnn_v0,43,1,44,52,92,0.021221397004959317,104.42754167199746,36.857142857142854,38.0,125.69775390625,2201.0
own_gnn_v0,43,2,45,72,112,0.023617988546147106,125.3307822909992,35.666666666666664,41.0,125.2978515625,2330.0
own_gnn_v0,43,3,46,160,200,0.023779332522374158,220.41337492899765,37.285714285714285,41.0,131.99609375,2286.0
own_gnn_v0,43,4,47,34,74,0.024054894130048327,82.3082391190037,38.666666666666664,41.0,125.01708984375,2105.0
own_gnn_v0,44,0,44,62,102,0.022442586434130784,106.6422142520023,40.42857142857143,44.0,126.51318359375,1868.0
own_gnn_v0,44,1,45,72,112,0.020920305430392975,120.81328508400475,35.5,40.0,133.29638671875,1868.0
own_gnn_v0,44,2,46,64,104,0.022946981371935016,108.57585267499962,37.285714285714285,41.0,126.3828125,1867.0
own_gnn_v0,44,3,47,86,126,0.02452516309985595,128.3909835999948,36.75,43.0,126.33984375,1868.0
own_gnn_v0,44,4,48,21,61,0.02433138987629766,63.44412234600168,30.4,37.0,125.4248046875,1867.0
own_gnn_v0,45,0,45,91,131,0.022356018047948876,130.423181017999,37.25,41.0,131.75146484375,1875.0
own_gnn_v0,45,1,46,49,89,0.02100409509196199,90.33153401500022,36.5,39.0,127.42822265625,1894.0
own_gnn_v0,45,2,47,55,95,0.023201925121948637,96.98975586499728,37.142857142857146,42.0,130.8837890625,1894.0
own_gnn_v0,45,3,48,74,114,0.024440924579893313,116.37780814299913,35.857142857142854,42.0,132.33544921875,1894.0
own_gnn_v0,45,4,49,82,122,0.02352186403852202,123.72285142500186,37.55555555555556,41.0,132.7265625,1926.0
own_gnn_v0,46,0,46,81,121,0.022485452733265097,126.00068061300408,38.375,41.0,131.578125,1882.0
own_gnn_v0,46,1,47,56,96,0.02088175414870031,99.4815363489979,36.857142857142854,41.0,132.38720703125,1902.0
own_gnn_v0,46,2,48,32,72,0.024271891538865484,74.44813680100197,36.6,40.0,126.4990234375,1903.0
own_gnn_v0,46,3,49,60,100,0.02406537888151962,106.45570698900701,38.285714285714285,39.0,132.78125,1935.0
own_gnn_v0,46,4,50,38,78,0.024201622303850298,80.95163647599838,37.0,39.0,127.91162109375,1934.0
own_gnn_repr_keep_dummy,43,0,43,52,92,0.022006591332696113,98.65426458000002,37.666666666666664,41.0,134.24609375,1884.0
own_gnn_repr_keep_dummy,43,1,44,95,135,0.019898893095327934,147.75133452299633,36.0,42.0,131.16552734375,1915.0
own_gnn_repr_keep_dummy,43,2,45,25,65,0.023398588650994805,69.55464838400076,36.0,39.0,130.55712890625,1884.0
own_gnn_repr_keep_dummy,43,3,46,54,94,0.02360589256077328,97.64077404899581,35.333333333333336,40.0,135.67138671875,1884.0
own_gnn_repr_keep_dummy,43,4,47,41,81,0.024334821142262795,86.53399418199842,36.0,42.0,130.8447265625,1883.0
own_gnn_repr_keep_dummy,44,0,44,130,170,0.02206385648753205,176.4001721780005,37.18181818181818,42.0,133.33740234375,1876.0
own_gnn_repr_keep_dummy,44,1,45,88,128,0.020525472661342612,134.99327549899317,36.111111111111114,39.0,135.400390625,1907.0
own_gnn_repr_keep_dummy,44,2,46,42,82,0.023213099483873748,86.21123700000317,38.833333333333336,42.0,133.29296875,1907.0
own_gnn_repr_keep_dummy,44,3,47,104,144,0.02408110316270866,153.64107717900333,36.5,39.0,133.09130859375,1875.0
own_gnn_repr_keep_dummy,44,4,48,57,97,0.024566600023796292,104.73516584999743,37.142857142857146,41.0,133.42138671875,1876.0
own_gnn_repr_keep_dummy,45,0,45,99,139,0.022177996700522364,147.52876910600025,37.111111111111114,42.0,133.98876953125,1876.0
own_gnn_repr_keep_dummy,45,1,46,57,97,0.020697578061447893,103.77665708000131,34.285714285714285,39.0,132.1171875,1875.0
own_gnn_repr_keep_dummy,45,2,47,105,145,0.02351148555029332,155.6477549839983,36.27272727272727,40.0,134.26220703125,1876.0
own_gnn_repr_keep_dummy,45,3,48,37,77,0.023786039171411227,80.16504741799872,34.8,38.0,134.4306640625,1875.0
own_gnn_repr_keep_dummy,45,4,49,67,107,0.023493071915118263,115.96869784499722,35.75,39.0,133.087890625,1876.0
own_gnn_repr_keep_dummy,46,0,46,57,97,0.022071851732365293,102.13650022299407,36.5,41.0,132.6953125,1885.0
own_gnn_repr_keep_dummy,46,1,47,24,64,0.021097618991380476,65.33277151200309,36.2,40.0,132.03076171875,1885.0
own_gnn_repr_keep_dummy,46,2,48,41,81,0.023742126894845228,90.61401473000296,38.5,42.0,131.8828125,1884.0
own_gnn_repr_keep_dummy,46,3,49,45,85,0.0237426581532035,89.69191608200344,34.333333333333336,38.0,132.52978515625,1884.0
own_gnn_repr_keep_dummy,46,4,50,73,113,0.02376114484054289,121.71687432500039,35.875,41.0,132.64794921875,1885.0
own_gnn_repr_endpoint_marker,43,0,43,65,105,0.022544677914179048,110.94950540699938,37.285714285714285,41.0,130.08935546875,1864.0
own_gnn_repr_endpoint_marker,43,1,44,35,75,0.020950833368352153,81.70238504800363,37.6,40.0,125.73095703125,1863.0
own_gnn_repr_endpoint_marker,43,2,45,51,91,0.02350502544182415,97.31419625700073,37.142857142857146,41.0,125.27001953125,1882.0
own_gnn_repr_endpoint_marker,43,3,46,26,66,0.025064507134165033,70.06505843799823,37.6,40.0,131.9638671875,1881.0
own_gnn_repr_endpoint_marker,43,4,47,26,66,0.024119743287973065,70.68863687000703,37.75,40.0,124.9169921875,1881.0
own_gnn_repr_endpoint_marker,44,0,44,132,172,0.022115653163012963,182.60134558799473,35.5,42.0,126.4697265625,1864.0
own_gnn_repr_endpoint_marker,44,1,45,114,154,0.020847397943283,168.69720944700384,37.0,41.0,131.23681640625,1876.0
own_gnn_repr_endpoint_marker,44,2,46,58,98,0.02386443609732567,103.3085086170031,37.42857142857143,43.0,130.83935546875,1876.0
own_gnn_repr_endpoint_marker,44,3,47,143,183,0.024231889578361004,195.34277398999984,37.46153846153846,42.0,134.80908203125,1876.0
own_gnn_repr_endpoint_marker,44,4,48,31,71,0.02415460678855301,76.17253808699752,36.0,40.0,131.021484375,1875.0
own_gnn_repr_endpoint_marker,45,0,45,102,142,0.022601679055677577,153.8800287339982,36.5,42.0,130.1494140625,1881.0
own_gnn_repr_endpoint_marker,45,1,46,74,114,0.021223617979988806,120.93450569800189,36.5,41.0,129.90185546875,1882.0
own_gnn_repr_endpoint_marker,45,2,47,22,62,0.024110290484854427,64.82661147700128,36.75,42.0,130.24951171875,1881.0
own_gnn_repr_endpoint_marker,45,3,48,35,75,0.024602208668270995,78.31664333300432,37.8,41.0,130.55615234375,1894.0
own_gnn_repr_endpoint_marker,45,4,49,72,112,0.023842136389240928,119.91751374700107,38.25,41.0,131.1220703125,1893.0
own_gnn_repr_endpoint_marker,46,0,46,78,118,0.022223456972089526,126.24428198600071,36.5,41.0,129.90966796875,1891.0
own_gnn_repr_endpoint_marker,46,1,47,70,110,0.02080186346467033,119.32605348100333,36.875,40.0,131.904296875,1890.0
own_gnn_repr_endpoint_marker,46,2,48,99,139,0.023422911091630493,144.89439044800383,36.3,41.0,126.00244140625,1891.0
own_gnn_repr_endpoint_marker,46,3,49,92,132,0.02414416645674072,141.50649403400166,38.0,48.0,131.8359375,1891.0
own_gnn_repr_endpoint_marker,46,4,50,73,113,0.0244747690137258,120.32342566199804,37.25,40.0,129.9169921875,1891.0
