epoch,train_loss,validation_wmae,validation_Tg_mae,validation_FFV_mae,validation_Tc_mae,validation_Density_mae,validation_Rg_mae,epoch_seconds,train_samples_per_second
1.0,0.2673567943274975,0.03472392421508997,65.24786784417061,0.01325578605165753,0.037626077833086635,0.04801181479701274,2.4672082941178615,1.0561602689995198,6656.930625583936
2.0,0.17452709153294563,0.03316891797401616,58.40219130178183,0.013304217564167508,0.032997353014246854,0.04458100168321608,2.597245556802776,1.0851690689960378,6424.382771575741
3.0,0.1576084316521883,0.030083887387691067,53.83803728778289,0.010805425308839182,0.029941957558253317,0.04449892588275778,2.441505002704482,1.0796278109992272,6461.658943255357
4.0,0.13677016209810972,0.030154011413886253,58.9526614180171,0.009359014315388657,0.032830931578375994,0.04656343755410808,2.298325677467118,1.0674288680020254,6553.359902767972
5.0,0.12628506222739816,0.029054029947446963,61.38788992375735,0.009795886350051122,0.033468388156712874,0.036455701795394084,1.9998966096302677,1.0829959039983805,6466.984169509305
6.0,0.1264291390031576,0.026627885241382977,50.681706378103826,0.009537970516351994,0.029091614786639162,0.03816138920409592,1.9281686798211441,1.0534160150054959,6604.54038478928
7.0,0.10972775224596262,0.02580119128373595,51.64724996754814,0.00882258208157118,0.028176707717155077,0.03348649435300631,1.9263099981633356,1.0672751489983057,6591.016710242543
8.0,0.10756351698189974,0.026174789050168516,56.13459080592105,0.01008380261288213,0.026052451355605383,0.029837145696604346,1.8793380874635965,1.0495884569972986,6631.888908139088
9.0,0.09878340654075146,0.025768936057456546,53.18007531915072,0.009564428070264322,0.027325552688656017,0.03212689952643667,1.8212737852080294,1.0657100009993883,6570.135803103305
10.0,0.10260669415816664,0.025390087635977804,53.38482550505362,0.00850049464162035,0.02708780852572005,0.04012674473181129,1.7120266114440859,1.067780577999656,6560.789338201674
11.0,0.09991348059847951,0.025745473884121645,46.06873432404383,0.008661324647579112,0.03396731025437208,0.03230081083695697,1.811375387767934,1.0926037930039456,6387.705134282045
12.0,0.10001574153080582,0.02854532785890626,53.53677047070326,0.008803641090583016,0.04086691931088969,0.029938188835242376,1.991042137089387,1.080564318006509,6472.429260747385
13.0,0.09849677626043558,0.024692187920067526,45.68392863827359,0.009233051547602756,0.02684555166557174,0.03481563864600237,1.791289225396099,1.1340733859979082,6184.622255614859
14.0,0.08853323027491569,0.025230755514843585,47.83191405156139,0.008557984214075083,0.027109535613055576,0.03232066804748341,2.026989045630603,1.1742090990010183,6455.022738486163
15.0,0.0939787400700152,0.02456882818236228,44.53395472117295,0.007801362577187088,0.030025863126158847,0.03366423710680727,1.8659459689523668,1.3735972869981197,5037.00063148875
16.0,0.0877513812109828,0.024181904145149438,53.83118509664621,0.007877063220929875,0.02713572606431473,0.026356121543461584,1.7457886228175516,1.3452779290018952,5087.400771535573
17.0,0.08406351825222373,0.025676630295354295,51.13565431823962,0.007868006995695058,0.03308110539692723,0.03181118511164984,1.8062441692219735,1.3600154340019799,5061.329959508625
18.0,0.08817311342805624,0.025464896009849174,53.924320670560704,0.007725203153310183,0.027262355893487734,0.04363162540372667,1.7541818388194785,1.3682193249987904,4988.273732213878
19.0,0.08475818265229464,0.023196057729677817,45.82450469991249,0.007578592623743162,0.025671328714688045,0.028523597931883627,1.8269315731204963,1.3806523110033595,4970.41776919623
20.0,0.0759593733213842,0.022701355986600287,46.16431840300629,0.007197384588908611,0.02566693155482687,0.031255307880023196,1.6694893190263058,1.4312188870026148,4885.466619598764
21.0,0.0719395206682384,0.023630533388790897,46.06959285463654,0.007146991782322045,0.026505068233295823,0.02878770630563015,1.9626906060036198,1.3821712030039635,4951.202971969841
22.0,0.0718321511335671,0.02228736464435932,46.18589927386937,0.0074728319980056105,0.023807713557355885,0.027268820886995837,1.7018570043480457,1.3870652729965514,4960.306986540819
23.0,0.07169621758162975,0.023052835854858695,47.03717322072607,0.006952330901060219,0.02621851937036518,0.03599798858178978,1.6437562502258354,1.3915180469994084,4926.4829020412535
24.0,0.06699356955476105,0.022534675387724024,46.724290420409496,0.007459085517567685,0.0250531484524925,0.025225392871981833,1.7291116177271548,1.3719413059952785,5049.5061803946855
25.0,0.06736999640241265,0.0221648020469006,48.47332262803985,0.007347395613566999,0.024330849852094105,0.028414547481900296,1.5471740254311985,1.376775427001121,4992.82576419298
26.0,0.0639442759566009,0.022556771144060895,47.334496023267256,0.007107958265715243,0.024079119202355483,0.02890173504024763,1.748484568408023,1.3364364719964215,5153.696651700041
27.0,0.0617575110681355,0.023660857885363658,47.52057259180093,0.008057962929466768,0.028862782357251482,0.02544666370101026,1.7014584196087927,1.3066021390040987,5248.7014130286925
28.0,0.07374816477298736,0.02375837062693556,50.54314850535297,0.006793326700146467,0.02850235050614958,0.02775213536545842,1.8022094040261698,1.0375658600023598,6752.423182193926
29.0,0.06286336729303002,0.02304618860759031,50.14067983246278,0.007674666207231932,0.02711099256185172,0.029071111721191697,1.5130637164437362,1.0848851760019897,6460.550609280151
30.0,0.05986272186040878,0.023066255989184294,47.60097158638112,0.007117409446207404,0.02802142683841329,0.03306484681341801,1.5570522621210807,1.0968583960057003,6370.381037042457
31.0,0.06929656218737364,0.022851395429482606,48.009287270812614,0.007429962913357673,0.02427205632152137,0.028094747268922173,1.765319890748311,1.0817640660025063,6425.175877245056
32.0,0.06058421717956662,0.023805047479015153,47.277738093368185,0.0071471037401920085,0.03178483315242301,0.03380918075426949,1.5392080936175825,1.0855332160062972,6456.852640567459
33.0,0.05749880542978644,0.022852932121488288,48.298777395140306,0.007054133281964841,0.025139456550063874,0.028440383910259683,1.757420707224585,1.1092922859970713,6232.982847626499
34.0,0.06408380767330528,0.02220876936033061,48.6882975118997,0.00691499471136749,0.024632368926919807,0.029424450573227928,1.583276656896607,1.0434701470003347,6655.836354035676
35.0,0.05789192156866193,0.02169588239360426,48.606273392209246,0.006706115050621226,0.024914282177761246,0.02747107879966793,1.4948036588427354,1.0471716419997392,6693.748255305984
36.0,0.05610321220010519,0.023023293565625533,53.07171142355978,0.006911992016379348,0.02638510919639075,0.032190998629874686,1.5019220104518993,1.1132457040002919,6215.608131672562
37.0,0.051252875719219444,0.021865246708612365,48.93221206188573,0.006482981909923967,0.024766546359807667,0.0277652709232159,1.572922421327771,1.0257454809980118,6790.272508985742
38.0,0.052253106888383624,0.021509626827376706,49.30023790816582,0.0069369064796077785,0.02419045914439862,0.028152693906702633,1.4048719799589386,1.0455196010007057,6642.756340510716
39.0,0.0548528128862381,0.022894817420556598,51.946415033026014,0.0069431477798221255,0.026123124110172473,0.032120057719932045,1.5160583003585069,1.0501275110000279,6658.040791059164
40.0,0.061049589235335586,0.024939883125463965,55.113108064279416,0.007745387425636567,0.02404464135108524,0.028203313552933942,2.093329534671846,1.0248812979989452,6808.1913956049475
41.0,0.060901746638119224,0.02344346231078839,52.70307627331911,0.007079785515202685,0.024601156750148952,0.030972717031038054,1.7477976576471266,1.0769229229990742,6447.142039566729
42.0,0.04902637110091746,0.022559824017499917,51.60364496368283,0.006552977285411261,0.02755980663263104,0.026939072058355874,1.522475249341533,1.1284813410020433,6161.788283825692
43.0,0.0480684725008905,0.02241418259706829,49.20751493816481,0.006519685532869233,0.028208162036603267,0.02864711897123365,1.4924141957977497,1.1197029800023302,6260.344494189616
44.0,0.050534269101917745,0.022607380614268847,46.94143577404074,0.0069311476737913685,0.028778431752380155,0.025221038184092166,1.6050375111787811,1.1319222439997247,6131.55628360481
45.0,0.04441014134325087,0.021972319512492226,50.875600209152466,0.00667856098380511,0.02329168884456043,0.02624960646614455,1.6264726273113739,1.126748167000187,6141.834723933597
46.0,0.04868447712622583,0.022073432227475473,52.15502658584402,0.0065989710631600045,0.023208326289467104,0.034278596563099145,1.4488966565547512,1.0830432400034624,6420.260646634163
47.0,0.050447691436856984,0.023114531945370616,50.066242909162405,0.007612228769088124,0.02767810063191295,0.03247336583819045,1.4356788628500676,1.0663356340010068,6527.649524746731
48.0,0.04259172684513032,0.022584305161498047,48.27270253324586,0.006454042516804193,0.030006405240265276,0.031417243419671705,1.4162206687480987,1.1077250689995708,6246.455683654529
49.0,0.04436933226883411,0.02243942164959909,50.89462591683831,0.006210026096820506,0.026065821257476352,0.0322423751075518,1.5400112675275461,1.114655841003696,6248.975252063959
50.0,0.041579238874837755,0.02194500644650016,51.13231335645378,0.006427141935948448,0.02467723950660218,0.026569194240015838,1.5597651989929253,1.1211734149983386,6195.778829847782
51.0,0.04710739835165441,0.022524308711366924,49.95238178326952,0.006611947216070387,0.0277256331198967,0.02822666602384329,1.522041598606513,1.0938842710020253,6368.893272364893
52.0,0.04582863003015518,0.022204039436129516,51.57723945362009,0.006668616869953027,0.024681697176360318,0.02577550454504147,1.5986382802339292,1.0270201780003845,6799.050012166351
53.0,0.04623917306773365,0.023979901354294175,54.977206516855226,0.006227177504745666,0.026040154340099996,0.031671037326591385,1.8649217330485188,1.0295184459973825,6760.91568998376
54.0,0.048993747383356094,0.023962239076283462,54.1250077233179,0.0071236001318414986,0.027392264369935415,0.025607951238445496,1.7959146502006096,1.1273877709973021,6183.24634548553
55.0,0.04472612378187477,0.02237776526790594,54.123459768744574,0.006235171794974105,0.023957022701901164,0.03151533757327155,1.5463595763584699,1.0569477000026382,6588.510629794491
56.0,0.045771461324766276,0.021589763882035345,52.770218455850326,0.006219112175836698,0.024320353020959973,0.026069430647661825,1.462824859524489,1.0705312789941672,6482.350565185725
57.0,0.04006568042561412,0.02312990962575065,53.42444522515411,0.0064254083166120765,0.026046655431992236,0.030618494852266115,1.657484496786638,1.0592637630034005,6550.914890170569
58.0,0.04306616478599608,0.02257787072729015,57.7658067977046,0.006193114624087925,0.02335742951739868,0.026824748794463366,1.6247252018532232,1.014813994996075,6958.541402013386
59.0,0.042614673702046274,0.021960258045845765,54.66043391682977,0.0061648425868923605,0.023285862869660376,0.02893133193770723,1.5131478640699971,1.030249465999077,6758.716900951894
60.0,0.03711660811677575,0.02231542275041084,55.012498388021754,0.006048937528063169,0.026646424106850482,0.02725452081910803,1.4598177946973028,0.9947144670004491,7006.333972000531
61.0,0.03806245615705848,0.023290206057675827,54.48929839385744,0.006177113692081909,0.029708530152880833,0.023821989727733556,1.639352220542231,1.0228403130022343,6986.5475003060055
62.0,0.036397756328806284,0.02253309968073169,53.941023120456336,0.0062871954424678755,0.024071797198361687,0.02857074133603332,1.649703432972486,1.0006435019968194,6978.102961286109
63.0,0.03615175146609545,0.021884422531681456,50.51253528216407,0.006135028308009274,0.023017574841699546,0.0316703593677837,1.5980904637849294,1.0318959970027208,6707.593334523769
64.0,0.033620072603225706,0.022594540451179965,53.88207869776488,0.005875715958549623,0.02568574701067515,0.026814399749638746,1.6799872124871655,1.0211655949970009,6797.528388858667
65.0,0.04176247304305434,0.02203294363330561,53.352878803700044,0.0061115690570986364,0.023713742113269255,0.025461398950739275,1.6422602444400403,1.0929690869961632,6383.91034551705
66.0,0.03747886287979782,0.021603725247568623,53.16916509860984,0.006173954283142853,0.02342809991535808,0.028727448587884917,1.4545592914119454,1.0719289049957297,6572.919520870547
67.0,0.03634507318027318,0.021641912965047208,55.09119489601037,0.00610697982644841,0.024209149406807188,0.022708414780241964,1.4963999163663708,1.057910550996894,6581.080291860881
68.0,0.0354867878369987,0.022294631856578838,48.98905050343216,0.005981580523060002,0.025193729364717775,0.026884418614307362,1.7757583044785847,1.077241792998393,6492.391107465331
69.0,0.034879781641066074,0.021615707242679517,51.51067089853919,0.006005182095992597,0.023536555213375446,0.027518478220369277,1.565784559707006,1.102214233003906,6347.368791514373
70.0,0.03936713022179902,0.021458421811350298,51.263973160273764,0.006132546246897173,0.0248403209399426,0.024038113638111248,1.5058711987627287,1.056805849999364,6574.8080015550195
71.0,0.0382994760107249,0.021483865579750922,53.74519706347974,0.006319918446305523,0.024857350712393974,0.023787227765122147,1.3985743060477853,1.0836377689993242,6461.9857044530745
72.0,0.036329524405300614,0.021824720642128585,52.66470607785481,0.006483353528723211,0.024482682350415754,0.023937501743089156,1.530875347459189,1.1040226120021543,6297.069110623984
73.0,0.03699951316229999,0.022218685960486432,54.376937849191194,0.006005410652555733,0.022912116886463798,0.025889091787701355,1.7175860982890583,1.353767988999607,5055.112391963758
74.0,0.0376075698249042,0.02139997110784775,53.59988894609175,0.0061608764947380925,0.02311649973112128,0.02478056628589304,1.4881727127588475,1.3527575740008615,5128.888056207243
75.0,0.03727583835832775,0.023253426230997673,53.63704618033686,0.006221756679587298,0.02595013959561134,0.027615172595702446,1.7937137345308154,1.3852192369959084,4934.320511416689
76.0,0.038345400653779504,0.02231267958822639,53.4928254274714,0.005830403510211607,0.027027456716522395,0.02736892610597561,1.5237271934447292,1.4243139489990426,4834.35924189863
77.0,0.0381302360445261,0.02201947536335673,53.735024331701794,0.0060478004901327225,0.025180434725819496,0.02373378769558464,1.5851960820837785,1.4138146469995263,4856.132901791397
78.0,0.03318777463398874,0.02186484238344253,52.2447278436688,0.006133087987701728,0.0255980294834284,0.02496300351348714,1.525251519639082,1.440675210003974,4762.450179737163
79.0,0.03220892405603081,0.023281266577009994,51.64975588142325,0.006546921276289908,0.027406644780322023,0.028977938456719164,1.7002339025974054,1.2717562090037973,5387.629292535357
80.0,0.039965392742306,0.021946145964150676,51.75246226676012,0.006240117362904023,0.024581766012398015,0.027936753915996527,1.5440335810509676,1.0951295729973936,6345.149555436965
81.0,0.03287719032727182,0.0230642294700675,55.36031935090466,0.005870075844428907,0.029312193363923576,0.024953943789973294,1.590396788295487,1.1017925920023117,6292.477727052112
82.0,0.034318009400740264,0.021810528720515327,52.38955143057893,0.0056940552328304155,0.024792039913507275,0.02558673669891769,1.611391153817498,1.0536883599997964,6586.367038735485
83.0,0.03325331698171794,0.02198090797938087,52.44018611640113,0.005897736649705458,0.026074666074949085,0.02677589224018609,1.52226448375995,1.0608629319976899,6596.000773969888
84.0,0.03512740384787321,0.02134941924145987,52.223030534259806,0.0057987510408665215,0.023844608306776642,0.02705156963564503,1.4870835281878085,1.0239393140000175,6814.286375114419
85.0,0.03418863576836884,0.021839208371887308,49.15115390799121,0.006272754433628141,0.024071043568161,0.026831714677293193,1.6552399977513546,1.0581245579960523,6618.361304238801
86.0,0.03549858176149428,0.02230379762414394,54.75493508087869,0.00626278767065685,0.026141234886781745,0.026891528135167538,1.4688588909878206,1.021880020001845,6875.66517656441
87.0,0.033400981989689174,0.02207592576711835,54.35475430039846,0.005966581891896845,0.026604941604320916,0.026484685675885883,1.4453571596245152,1.0041223439984606,6930.88149737058
88.0,0.03199120976962149,0.02158876533742204,52.248496646677935,0.005776983302405478,0.02395618713737639,0.03207164051954225,1.4415872137861212,1.013811643999361,6849.164284917403
89.0,0.031479239147156474,0.02165316906716172,51.444203606063425,0.005739918679569926,0.02628667032109945,0.024030950589540055,1.5350818767144958,0.953873681006371,7319.884313323982
90.0,0.031571168610826136,0.022650901760448677,55.68505142289125,0.006000369393506106,0.026909535156636917,0.030051730031200912,1.465076489383864,0.9676033180003287,7245.095236647696
91.0,0.028996258247643708,0.02269659306002075,53.31871483843203,0.005587368261175329,0.02890558236560001,0.02624618817351083,1.5960666388619082,0.9715077559958445,7171.030171433445
92.0,0.03646858172491193,0.022837520814046875,54.360949744538445,0.005986882762175764,0.027103602611935566,0.02495086554836526,1.6729117835771394,1.0094613220062456,6967.659636189704
93.0,0.03046240309253335,0.022341144483472623,51.79911139970559,0.005881903038870049,0.02687305475818063,0.023417379087809158,1.6821475918291726,1.0368287780001992,6761.645580407937
94.0,0.03028920612297952,0.022717683813105904,52.94923120272365,0.006047610758014834,0.02692614591711849,0.023121474488314617,1.7293092578737606,1.0307229489990277,6782.493874563252
95.0,0.029055783823132515,0.0212227518737405,51.494723155908076,0.005863192957525183,0.023707140178611603,0.023797089762441596,1.5460518632618077,1.0638518309933715,6566.169996950547
96.0,0.03272252444177866,0.022387360471991857,57.03747491936914,0.005958210138232928,0.027670497255683452,0.023509479042343785,1.4461956633246666,1.0489474790010718,6618.141933910659
97.0,0.030766642480157317,0.021690110152175673,52.14013399155956,0.005674542253866911,0.02463159459216699,0.02848715207214445,1.5322172674365224,1.0881699840028887,6424.308050648225
98.0,0.030301977396011353,0.021246284953752918,52.27879868829101,0.005771840680186479,0.02354874888227396,0.026505808121509072,1.4889944889958517,1.0688273170017055,6482.97943046687
99.0,0.0325936094392091,0.021460529270354425,53.54478959750569,0.005677398352895066,0.023444243862154695,0.02431779232218538,1.5787888500755598,1.0235228980018292,6832.016834820066
100.0,0.03173536274582148,0.02166018986938592,53.9975536490736,0.006271106658683856,0.023909858541862627,0.024387376208174272,1.4940660603817704,1.020164122004644,6862.124532648366
101.0,0.03132398162037134,0.02255036195005372,57.16214551194646,0.006188208904392883,0.024816054358091862,0.02328913167685533,1.6299663532009963,1.0787830170011148,6501.5697646496865
102.0,0.03567329584620893,0.021802656327500367,54.17890381883294,0.005601503720118559,0.02457849127958654,0.026637637771966774,1.5499093760940716,1.0839847010065569,6389.683216254637
103.0,0.031048202821984887,0.0218515985493554,51.977161418863346,0.0058263005634284085,0.02532635423093273,0.025304967517310758,1.5904116718427563,1.1070791259990074,6319.40254992764
104.0,0.028292354959994555,0.021671270305039035,53.97053208036311,0.005596326162934955,0.02451606068620358,0.02330361692052697,1.597709025869608,1.1608781420000014,6073.790243388714
105.0,0.02889195834286511,0.02184267859786016,53.25111911647007,0.005554144898709048,0.02532478993038937,0.0243900351348936,1.6080472872497387,1.1099920749984449,6286.92889345491
106.0,0.03252306374721229,0.02153404650347204,53.65499368320467,0.005781272551230744,0.023338549853691853,0.02465502694345372,1.5783850191621591,1.0835371829962241,6401.458413242935
107.0,0.0277400878444314,0.02194166228941301,52.64282738207006,0.005784456141649002,0.024377582617498814,0.027673365027206034,1.6046854620233482,1.068797440995695,6566.644879911238
108.0,0.030741195352748038,0.02298703530308643,53.91917261097047,0.006023396060849746,0.028230796668225578,0.025420945134688053,1.6483627197780923,1.0776901279969024,6441.228704852436
109.0,0.027641364391893148,0.02174189905314745,54.698521501088095,0.005682425366075258,0.026660902518901693,0.02194146804546029,1.4792923414530679,1.0366062530010822,6779.4840414871
110.0,0.03099560988135636,0.021121881059259225,51.484821058730425,0.005912988841168784,0.025411824011732965,0.02363700996464341,1.408511677427396,1.0624270339976647,6681.9085211367865
111.0,0.02847821166738868,0.02184541232906894,53.599252828612066,0.006007771956801819,0.024036238710667537,0.02748604887908473,1.5298084439905157,1.050995829005842,6651.80356724998
112.0,0.028433047276921572,0.022050311121441093,53.9664328241744,0.005613424133629435,0.02494134039174995,0.028180136182062863,1.5726795940183194,1.0759689019978396,6522.7217806677945
113.0,0.02699830803088844,0.02284347626967297,55.762026951180914,0.005500690139707974,0.024504299473335572,0.024603916387038842,1.8703883362168263,1.0739909690018976,6466.114066134587
114.0,0.030130486441776155,0.02084739785735718,50.943630262571354,0.0058902928787406845,0.023034213397818578,0.025059110585682456,1.4617867734099317,1.0651445840048837,6501.334694564568
115.0,0.02705048440489918,0.02129901822188734,52.99608658502466,0.005482111878294568,0.025664482576023467,0.02415689433654828,1.4517840289657968,1.0832187369960593,6475.877027075401
116.0,0.030827767523005603,0.02182188917867036,53.72483445949168,0.005805419610957267,0.024826787431956644,0.025380890525382706,1.5512525509482549,1.0016217379961745,6967.759002489602
117.0,0.02790223135612905,0.022383311708082665,54.06540655021949,0.005622717092094268,0.025145192535155292,0.030102421592349635,1.611302307134713,1.0124441849984578,6884.068581864095
118.0,0.02769111949019134,0.021470660128539924,55.01582321543871,0.005574822802717011,0.023377719668903927,0.02524682090229683,1.529514640573031,1.0159585349974805,6892.953735094665
119.0,0.02635761445388198,0.021579038180944032,55.63554053091404,0.005741615790926342,0.02373536094876681,0.0239278689381131,1.5200595149182397,0.9907811260054586,7051.625416253585
120.0,0.031113812001422048,0.021665692095595115,53.98737694168693,0.0059905073936980064,0.024897383407218802,0.022917448925191902,1.5157634755392135,1.0068909940018784,7005.799385980475
121.0,0.026352898753248154,0.021500495197413788,51.36230169530655,0.005441406186991091,0.0276637647847182,0.024115947460071698,1.4566794609141465,0.9574742670010892,7285.479867718641
122.0,0.02714401707984507,0.021329396341516385,54.102134140237865,0.005462898198297076,0.023424170660231967,0.02467073634508099,1.5486636943879013,0.9588367350006592,7287.220954688887
123.0,0.03020650528371334,0.02157693446990338,54.4700001792912,0.0056909090434961755,0.025083289824993665,0.023379670062917513,1.500093824660322,0.9697022320033284,7201.73438627409
124.0,0.027799007659778,0.021610444327069177,53.3380630214589,0.005657303824525995,0.024307880861579385,0.02572471578421546,1.550268587687636,1.0159621900020284,6854.669427838673
125.0,0.025989588228985668,0.020901661487446946,49.44501357233798,0.005668032931479209,0.02448462653568728,0.022372091419620887,1.5407231305636875,1.020268672000384,6828.482392335062
126.0,0.028448507389985025,0.021395171473991736,52.96943763123748,0.005821017943606229,0.0235034965491799,0.027579898569560727,1.4792014190135612,1.0134930049971445,6913.721917882763
127.0,0.02592746902257204,0.02106963667127803,53.93479347943685,0.0055891569588402586,0.023315463004913238,0.023496166531629944,1.4892989892306414,1.0276215280027827,6823.048572166168
128.0,0.026063621081411838,0.021414756299953173,53.83619583618839,0.005660321136715161,0.024410709487909528,0.022277718642264122,1.5449028568118663,1.0449847799973213,6659.0599139993565
129.0,0.027486672252416612,0.02141162786911028,53.00140708297716,0.005888364731118829,0.02434833964588817,0.021934687088924945,1.547447875240257,1.0142494680039817,6884.535102028073
130.0,0.02755318745970726,0.02188093396350921,51.22063753562892,0.005679832407556703,0.027815718844500043,0.024024270206402003,1.5284409350705188,1.0388418549991911,6740.359338717094
131.0,0.027501033716835082,0.021679654371448243,56.49152448938127,0.005406252933142402,0.02403010656069351,0.025988557025488707,1.510929743951171,1.0354135989982751,6764.376440470792
132.0,0.026374324001371862,0.021418288256497678,51.9899314546231,0.005874264269381683,0.024310304929924188,0.023933917113184346,1.5452292731776247,1.0424463780000224,6761.142061621696
133.0,0.025230095703154803,0.021902614336165777,55.64815629884778,0.005645979348471443,0.02520427537417982,0.024817266596973572,1.522944023351391,1.0734751990021323,6479.0217888680045
134.0,0.025891869757324458,0.021531431348872723,51.64333403209114,0.005472315247100238,0.025833891669135876,0.021411203737697695,1.6222725422193127,1.0179338519956218,6874.373523826927
135.0,0.025313271381892263,0.022251475111027114,52.10234007362457,0.0055620567045035285,0.024611201524204117,0.03165909476383475,1.6494204223453308,1.0943217490057577,6391.042686543122
136.0,0.027562903687357903,0.022171796747563484,53.115471685239605,0.005704480350265007,0.025515802220931173,0.02671787786721384,1.622191637783434,1.079752081001061,6500.608967338289
137.0,0.025690398844890296,0.021420921262969198,53.75630150688378,0.0057484439726699565,0.02331300751917471,0.026981382644389613,1.4958114159459177,1.0844969829995534,6420.437376792169
138.0,0.027548800851218403,0.021958389133889936,53.15685814731894,0.005468170720794427,0.023925317367040212,0.025867081299005747,1.711660200709789,1.064506190996326,6571.971955996411
139.0,0.02592935858294368,0.02137380736560272,54.45796815830498,0.0055185887299919155,0.023597324829238504,0.023154938880911777,1.5635461616545892,1.0868178010059637,6486.531886122134
140.0,0.026260069273412227,0.021718756558990287,56.06192808705551,0.005528739837199598,0.024721520814955697,0.024540166928459794,1.5082829395217479,1.1237692420036183,6311.190376114207
141.0,0.03020013858564198,0.022491349370992036,57.20724930414843,0.005933922388253204,0.023731856761392545,0.02614468129754295,1.6543889473957738,1.0430804300049203,6739.801580127166
142.0,0.026611702498048544,0.02233187077981086,57.137639434062315,0.006161699288571382,0.02389471580661373,0.02374440576222654,1.6156906055768054,1.0205484760008403,6827.350381072615
143.0,0.02751528551336378,0.021525277580499876,53.16631824474943,0.005878622701662803,0.02293204866219085,0.025914755489028177,1.573390389483402,0.9987360789964441,7013.623487428852
144.0,0.024221455855295063,0.021652062837491798,53.69677836002522,0.005448014130358147,0.023569396857781085,0.025279515782327188,1.6392374463215356,1.037121045999811,6824.870423181834
145.0,0.02757503672968596,0.022267720948274797,53.32544122714574,0.005726715937735824,0.026046779355949377,0.025102208317100732,1.6437415041130814,0.9828226850004285,7145.668603206584
146.0,0.025361342495307325,0.021058562213323546,52.10791571724331,0.005908667596942571,0.023262717221955963,0.02404506809063254,1.489084497702747,0.9551496479980415,7280.260947070946
147.0,0.025592861939221622,0.02246203694783436,55.800047755029645,0.0057650082045652105,0.02524068775430619,0.026589499387983336,1.6224656228176422,0.986158997999155,7091.278164270463
148.0,0.024132426376454533,0.022078958214620276,53.969488778797334,0.005728374270416457,0.02529122573455726,0.02600769909489005,1.5896775801774485,1.0150915780031937,6890.376976031188
149.0,0.023006703117862345,0.021068488776487124,53.68756685218516,0.0054784746434425316,0.023007127830924373,0.02516636602822784,1.4972545351064555,0.9673430569964694,7224.141174198544
150.0,0.021842841124162078,0.0219686777862535,50.9796306372268,0.005725726970686803,0.02381285118254842,0.032484206239852875,1.6078951973498745,0.9871414919980452,7097.578365353922
151.0,0.023741263295523823,0.02150624195777878,53.52781374285892,0.005602003337300295,0.02399695214503565,0.027468272061200557,1.5012855528360953,1.0193329989997437,6876.276801038892
152.0,0.023633962967433034,0.022562648869627455,57.59069907705721,0.005639043137414562,0.023941069819271483,0.02821253516452775,1.6516842863092192,0.9860131020031986,7122.731549471722
153.0,0.02305269695818424,0.021442521697925446,51.68506861777381,0.005397686111562594,0.0253816020338639,0.029669220188163703,1.4485799457064068,0.9697630700029549,7199.744534389199
154.0,0.02733954256400466,0.02266394980696316,55.57343281997455,0.005383073052380449,0.023457066513607808,0.025789503111138194,1.8798760119730396,0.9503985589981312,7411.55783847476
