split,target,rows,observed_label_count,missing_count,missingness,min,max,range,mean,median
public,Tg,295,95,200,0.6779661016949152,-138.80209999999997,359.08410000000003,497.88620000000003,102.88402947368422,97.76390000000004
public,FFV,295,86,209,0.7084745762711865,0.315,0.656,0.341,0.3579418604651163,0.3525
public,Tc,295,239,56,0.18983050847457628,0.077306,0.678,0.6006940000000001,0.2569447322175732,0.244302
public,Density,295,244,51,0.17288135593220338,0.746789572,1.360333553,0.6135439810000001,1.0573588987991802,1.0571258475
public,Rg,295,54,241,0.8169491525423729,11.20816833,32.30113333,21.092965,17.395580980532177,17.43588335
private,Tg,3207,166,3041,0.9482382288743374,-86.64999999999998,484.69000000000005,571.34,179.8207228915663,169.67000000000002
private,FFV,3207,137,3070,0.9572809479264109,0.306,0.454,0.14800000000000002,0.3560656934306569,0.351
private,Tc,3207,1165,2042,0.6367321484253197,0.024488,0.954,0.929512,0.24533078025751073,0.239328
private,Density,3207,1282,1925,0.6002494543186779,0.134543,1.73283,1.598287,1.0861318342363495,1.0811285
private,Rg,3207,1056,2151,0.6707202993451824,9.445485,35.52955,26.084065000000002,18.379112991239584,18.511291649999997
combined,Tg,3502,261,3241,0.9254711593375214,-138.80209999999997,484.69000000000005,623.4921,151.81694559386975,126.37
combined,FFV,3502,223,3279,0.9363221016561964,0.306,0.656,0.35000000000000003,0.3567892376681614,0.351
combined,Tc,3502,1404,2098,0.5990862364363221,0.024488,0.954,0.929512,0.24730779914529913,0.2401135
combined,Density,3502,1526,1976,0.5642490005711023,0.134543,1.73283,1.598287,1.0815311813879425,1.0754722975
combined,Rg,3502,1110,2392,0.683038263849229,9.445485,35.52955,26.084065000000002,18.33126548801598,18.467033335
