similarity_bin,target,sample_count,max_tanimoto_sample_count,C128_mean_seed_absolute_error
<0.7,Tg,293,2626,53.127700480319085
<0.7,FFV,2178,2626,0.008622308477167162
<0.7,Tc,260,2626,0.024031386699077464
<0.7,Density,238,2626,0.03645796182973218
<0.7,Rg,239,2626,1.5340429107585178
0.7–0.9,Tg,128,2849,49.77087698510845
0.7–0.9,FFV,2655,2849,0.005616379937120389
0.7–0.9,Tc,147,2849,0.018838994232384998
0.7–0.9,Density,128,2849,0.025385417906876068
0.7–0.9,Rg,129,2849,1.4056830886518723
>0.9,Tg,90,2498,47.34815832677328
>0.9,FFV,2197,2498,0.004412681877437763
>0.9,Tc,330,2498,0.026410162073606993
>0.9,Density,247,2498,0.012455274408137186
>0.9,Rg,246,2498,1.5613839910079104
